{"stats":{"minecraft:used":{"minecraft:polished_blackstone_slab":4,"minecraft:glass":89,"minecraft:chiseled_polished_blackstone":13,"minecraft:brown_terracotta":8,"minecraft:nether_brick_fence":3,"minecraft:lever":16,"minecraft:polished_blackstone_brick_slab":247,"minecraft:black_wool":7,"minecraft:sea_lantern":163,"minecraft:cyan_terracotta":120,"minecraft:iron_bars":220,"minecraft:acacia_trapdoor":4,"minecraft:polished_diorite_slab":105,"minecraft:dead_bush":1,"minecraft:wither_skeleton_skull":18,"minecraft:oak_sign":3,"minecraft:quartz_slab":241,"minecraft:cracked_polished_blackstone_bricks":1,"minecraft:iron_block":1,"minecraft:grass_block":4,"minecraft:string":10,"minecraft:polished_blackstone":994,"minecraft:polished_andesite":625,"minecraft:oak_button":3,"minecraft:jungle_fence":5,"minecraft:ladder":26,"minecraft:quartz_block":1059,"minecraft:polished_blackstone_brick_wall":14,"minecraft:chest":7,"minecraft:red_terracotta":7,"minecraft:stone":6652,"minecraft:polished_blackstone_brick_stairs":144,"minecraft:spruce_trapdoor":3,"minecraft:quartz_stairs":145,"minecraft:barrel":45,"minecraft:polished_andesite_slab":17,"minecraft:polished_blackstone_bricks":551,"minecraft:debug_stick":155,"minecraft:white_wool":29,"minecraft:yellow_terracotta":103,"minecraft:coal_block":6,"minecraft:potion":20,"minecraft:redstone_lamp":6,"minecraft:anvil":48,"minecraft:terracotta":32,"minecraft:black_stained_glass":465,"minecraft:iron_trapdoor":201,"minecraft:blue_stained_glass":1,"minecraft:crimson_trapdoor":16,"minecraft:furnace":3,"minecraft:dark_oak_fence":1,"minecraft:light_gray_terracotta":1,"minecraft:skeleton_skull":10,"minecraft:blackstone_wall":9,"minecraft:polished_diorite_stairs":154,"minecraft:smooth_stone_slab":218,"minecraft:dark_oak_fence_gate":28,"minecraft:stone_brick_wall":97,"minecraft:white_concrete":165,"minecraft:black_concrete_powder":3,"minecraft:orange_terracotta":7,"minecraft:mossy_stone_brick_wall":4,"minecraft:smooth_stone":1146,"minecraft:oak_fence_gate":8,"minecraft:polished_diorite":530},"minecraft:picked_up":{"minecraft:stick":13,"minecraft:polished_diorite_stairs":1,"minecraft:bread":1536,"minecraft:oak_button":2},"minecraft:dropped":{"minecraft:polished_diorite_stairs":1,"minecraft:polished_blackstone":1},"minecraft:custom":{"minecraft:time_since_rest":593375,"minecraft:sprint_one_cm":231798,"minecraft:walk_one_cm":605307,"minecraft:mob_kills":2,"minecraft:interact_with_anvil":2,"minecraft:drop":2,"minecraft:damage_dealt":350,"minecraft:swim_one_cm":2453,"minecraft:talked_to_villager":1,"minecraft:fly_one_cm":13960723,"minecraft:open_barrel":15,"minecraft:open_chest":4,"minecraft:play_one_minute":593375,"minecraft:crouch_one_cm":24201,"minecraft:sneak_time":36286,"minecraft:walk_under_water_one_cm":498,"minecraft:jump":1731,"minecraft:leave_game":16,"minecraft:time_since_death":593375,"minecraft:walk_on_water_one_cm":878,"minecraft:climb_one_cm":4408}},"DataVersion":2586}